timestamp,model,temperature,run,ttft_s,tps,total_latency_s,token_count,response
2026-04-03T01:10:57.204397,llama3.2,0.0,1,1.449,83.1,2.845,116,"Machine learning (ML) is a subset of artificial intelligence that enables computers to learn from data without being explicitly programmed. It involves training algorithms on large datasets, allowing them to identify patterns and make predictions or decisions based on new, unseen data. ML models can be trained using various techniques, such as supervised, unsupervised, and reinforcement learning. The goal is to improve the model's performance over time by refining its understanding of the data, enabling applications like image recognition, natural language processing, and predictive analytics. This enables machines to learn from experience and adapt to new situations."
2026-04-03T01:10:59.252644,llama3.2,0.0,2,0.136,82.5,1.543,116,"Machine learning (ML) is a subset of artificial intelligence that enables computers to learn from data without being explicitly programmed. It involves training algorithms on large datasets, allowing them to identify patterns and make predictions or decisions based on new, unseen data. ML models can be trained using various techniques, such as supervised, unsupervised, and reinforcement learning. The goal is to improve the model's performance over time by refining its understanding of the data, enabling applications like image recognition, natural language processing, and predictive analytics. This enables machines to learn from experience and adapt to new situations."
2026-04-03T01:11:01.285637,llama3.2,0.0,3,0.125,82.7,1.528,116,"Machine learning (ML) is a subset of artificial intelligence that enables computers to learn from data without being explicitly programmed. It involves training algorithms on large datasets, allowing them to identify patterns and make predictions or decisions based on new, unseen data. ML models can be trained using various techniques, such as supervised, unsupervised, and reinforcement learning. The goal is to improve the model's performance over time by refining its understanding of the data, enabling applications like image recognition, natural language processing, and predictive analytics. This enables machines to learn from experience and adapt to new situations."
2026-04-03T01:11:03.352555,llama3.2,0.3,1,0.142,82.3,1.563,117,"Machine learning is a subset of artificial intelligence that enables computers to learn from data without being explicitly programmed. It involves training algorithms on large datasets, allowing them to identify patterns and make predictions or decisions based on that information. Machine learning models can be supervised (e.g., image classification), unsupervised (e.g., clustering), or reinforcement (e.g., game playing). The goal is to improve the model's performance over time by adjusting its parameters and refining its understanding of the data. This enables machines to learn from experience, adapt to new situations, and make decisions autonomously."
2026-04-03T01:11:05.278044,llama3.2,0.3,2,0.129,82.8,1.422,107,"Machine learning (ML) is a subset of artificial intelligence that enables computers to learn from data and improve their performance on a specific task without being explicitly programmed. It involves training algorithms on large datasets, allowing them to identify patterns and make predictions or decisions based on that information. The goal of ML is to enable machines to learn from experience and adapt to new situations, making it a powerful tool for applications such as image recognition, natural language processing, and predictive analytics. This enables machines to improve their performance over time with minimal human intervention."
2026-04-03T01:11:07.290800,llama3.2,0.3,3,0.136,83.0,1.509,114,"Machine learning (ML) is a subset of artificial intelligence that enables computers to learn from data without being explicitly programmed. It involves training algorithms on large datasets, allowing them to identify patterns and make predictions or decisions based on new, unseen data. ML models can be trained using various techniques, such as supervised, unsupervised, or reinforcement learning, to improve their accuracy and efficiency. The goal of ML is to enable computers to learn from experience and adapt to changing environments, making it a powerful tool for applications like image recognition, natural language processing, and predictive analytics."
2026-04-03T01:11:09.289266,llama3.2,0.7,1,0.128,82.8,1.494,113,"Machine learning (ML) is a subset of artificial intelligence (AI) that enables computers to learn from data without being explicitly programmed. It involves training algorithms on large datasets, allowing them to identify patterns and make predictions or decisions based on the input data. The algorithms adjust their parameters through iterative refinement, improving their performance over time. This self-improvement process enables machines to learn from experience and apply new knowledge to real-world problems, making ML a powerful tool for automation, decision-making, and predictive analytics in various industries such as healthcare, finance, and more."
2026-04-03T01:11:11.381443,llama3.2,0.7,2,0.133,83.0,1.591,121,"Machine learning is a subset of artificial intelligence that enables computers to learn and improve from experience without being explicitly programmed. It involves training algorithms on large datasets, allowing them to identify patterns and make predictions or decisions based on the data. Machine learning can be divided into three main types: supervised learning (e.g., image recognition), unsupervised learning (e.g., clustering), and reinforcement learning (e.g., game playing). The goal of machine learning is to enable computers to learn from data, make accurate predictions, and improve over time with minimal human intervention. This enables automation and scalability in various applications."
2026-04-03T01:11:13.418775,llama3.2,0.7,3,0.128,83.1,1.535,117,"Machine learning (ML) is a subset of artificial intelligence (AI) that enables computers to learn from data and improve their performance on specific tasks without being explicitly programmed. It involves training algorithms on large datasets, allowing them to identify patterns, make predictions, and adapt to new information. ML models can be trained using supervised, unsupervised, or reinforcement learning techniques, which enable them to learn from labeled, unlabeled, or interactive data. The goal of ML is to develop intelligent systems that can perform tasks with high accuracy and efficiency, often with minimal human intervention or manual supervision."
2026-04-03T01:11:15.400251,llama3.2,1.0,1,0.137,82.9,1.476,111,"Machine learning (ML) is a subset of artificial intelligence that enables computers to learn from data without being explicitly programmed. It involves training algorithms on large datasets, allowing them to identify patterns and make predictions or decisions based on that information. The goal of ML is to improve the accuracy and efficiency of computer systems by enabling them to learn from experience and adapt to new situations. Common applications of ML include image recognition, natural language processing, and predictive analytics, and it has revolutionized industries such as healthcare, finance, and retail by automating decision-making processes."
2026-04-03T01:11:17.743441,llama3.2,1.0,2,0.122,64.7,1.838,111,"Machine learning is a subset of artificial intelligence (AI) that enables computers to automatically learn and improve from experience without being explicitly programmed. It involves training algorithms on large datasets to recognize patterns, make predictions, and take actions based on the information learned. The algorithm adjusts its parameters to minimize errors or maximize performance as it receives more data. This self-learning capability allows machine learning models to become increasingly accurate and efficient over time, making them useful for applications such as image recognition, natural language processing, and predictive maintenance. It's a key driver of AI innovation."
2026-04-03T01:11:19.799726,llama3.2,1.0,3,0.137,82.6,1.553,117,"Machine learning (ML) is a subset of artificial intelligence (AI) that enables computers to learn from data without being explicitly programmed. It involves training algorithms on large datasets to recognize patterns, make predictions, and improve performance over time. ML models can be categorized into supervised, unsupervised, and reinforcement learning, each addressing different types of tasks. The goal is to enable machines to learn from experience and adapt to new information, allowing them to automate complex decision-making processes, such as image recognition, natural language processing, and predictive analytics, in a wide range of industries and applications."
2026-04-03T01:11:21.839573,llama3.2,1.5,1,0.132,82.7,1.534,116,"Machine learning (ML) is a subset of artificial intelligence that involves training algorithms to make predictions or decisions based on data without being explicitly programmed. It uses complex statistical models and computer algorithms to analyze patterns, identify relationships, and learn from data. As the algorithm learns from experience, it improves its accuracy over time, enabling applications such as image recognition, speech analysis, and natural language processing. By automating decision-making processes, ML enables businesses and organizations to make predictions and decisions based on historical data, improving efficiency and outcomes. It's a powerful tool for automation and intelligent systems."
2026-04-03T01:11:23.776828,llama3.2,1.5,2,0.128,82.8,1.432,108,"Machine learning (ML) is a subset of artificial intelligence that enables systems to learn from data and improve their performance on specific tasks without being explicitly programmed. It involves training algorithms on large datasets to enable the system to identify patterns, make predictions, and optimize decisions. The algorithms learn from the data by adjusting their parameters, leading to improved accuracy over time. This self-learning capability makes machine learning particularly useful in applications such as image recognition, natural language processing, and predictive analytics, where complex tasks require large amounts of data to be optimized automatically."
2026-04-03T01:11:25.880215,llama3.2,1.5,3,0.138,82.8,1.599,121,"Machine learning is a type of artificial intelligence (AI) that enables computers to learn and improve from experience without being explicitly programmed. It involves training algorithms on large datasets to identify patterns, make predictions, and classify data. Machine learning models can be broadly categorized into supervised, unsupervised, and reinforcement learning, each with its own approach and applications. By analyzing data and adapting to new information, machine learning systems can automate tasks, recognize objects, generate text, and more, making them an essential tool in industries like healthcare, finance, and autonomous vehicles. This process continues through self-improvement iterations."
